year,predicted
2022,9.461689
2023,9.462092
2024,9.463569
2025,9.4649935
2026,9.466253
2027,9.46731
2028,9.4681635
2029,9.468842
2030,9.469389
2031,9.469829
2032,9.470176
2033,9.470465
2034,9.470716
2035,9.470933
2036,9.471119
2037,9.471261
2038,9.471357
2039,9.471435
2040,9.471495
2041,9.471543
2042,9.471581
2043,9.471611
2044,9.471636
2045,9.471655
2046,9.471669
2047,9.471682
2048,9.471691
2049,9.471698
2050,9.471704
