year,value
2011,5.3253474
2012,5.2160797
2013,5.1043363
2014,4.9859815
2015,4.859651
2016,4.7285986
2017,4.597238
2018,4.4617453
2019,4.317626
2020,4.166855
2021,4.0096183
