year,value
2011,53.177647
2012,52.608646
2013,52.18576
2014,51.850407
2015,51.575096
2016,51.34376
2017,51.14534
2018,50.973385
2019,50.831802
2020,50.722004
2021,50.635887
