year,value
2011,6.874996
2012,6.8053284
2013,6.7371316
2014,6.673083
2015,6.6143064
2016,6.56152
2017,6.5146184
2018,6.4722953
2019,6.4344344
2020,6.4009233
2021,6.371086
