year,value
2011,28.00378
2012,27.250164
2013,26.471088
2014,25.69611
2015,24.929634
2016,24.170584
2017,23.430159
2018,22.69831
2019,21.969364
2020,21.253342
2021,20.561092
