year,value
2011,9.530944
2012,9.401073
2013,9.254339
2014,9.10357
2015,8.954595
2016,8.810753
2017,8.674367
2018,8.543409
2019,8.415576
2020,8.290877
2021,8.172395
