year,value
2011,514.9903
2012,507.13525
2013,499.0894
2014,491.16092
2015,483.5824
2016,476.48138
2017,470.0092
2018,464.02255
2019,458.40643
2020,453.16388
2021,448.29584
