year,value
2011,365.121
2012,361.2934
2013,357.2619
2014,353.33917
2015,349.64984
2016,346.2313
2017,343.10257
2018,340.22275
2019,337.5574
2020,335.09906
2021,332.83557
