year,value
2011,159.51744
2012,156.47049
2013,153.4204
2014,150.34277
2015,147.29044
2016,144.149
2017,141.04977
2018,137.99934
2019,135.0055
2020,132.18948
2021,129.42561
