year,value
2011,15.331842
2012,14.815216
2013,14.18171
2014,13.438336
2015,12.585308
2016,11.617446
2017,10.512614
2018,9.225793
2019,7.7020445
2020,5.893607
2021,3.7793005
