year,value
2011,251.54161
2012,248.31793
2013,245.28308
2014,242.42923
2015,239.64105
2016,236.87874
2017,234.3212
2018,231.96727
2019,229.76459
2020,227.84207
2021,226.03189
