year,value
2011,85.576256
2012,83.17242
2013,80.338036
2014,77.25653
2015,73.99741
2016,70.588905
2017,67.05633
2018,63.35395
2019,59.416794
2020,55.224
2021,50.78496
