year,value
2011,6.39466
2012,6.303789
2013,6.2219286
2014,6.1523156
2015,6.0949564
2016,6.048702
2017,6.012054
2018,5.9834447
2019,5.9614663
2020,5.944825
2021,5.932337
