year,value
2011,4.11664
2012,4.046613
2013,3.9694493
2014,3.889338
2015,3.8070877
2016,3.7235022
2017,3.6406837
2018,3.558738
2019,3.4772825
2020,3.3953576
2021,3.3140616
