year,value
2011,710.9604
2012,689.4544
2013,664.9841
2014,638.3481
2015,610.0968
2016,580.85333
2017,551.5261
2018,522.2284
2019,493.3423
2020,465.40222
2021,438.76263
