year,value
2011,1001.22534
2012,996.23615
2013,989.96814
2014,981.92676
2015,972.4662
2016,962.3272
2017,952.9327
2018,944.3883
2019,936.40826
2020,928.9393
2021,922.0854
